Frame,CSRT,KCF,MIL,BOOSTING,MEDIANFLOW,MOSSE
0,0.8405335072800861,1.9822390209624503,1.9013756273975975,0.2565211166516005,1.026084466606402,,
1,0.2608797755091208,0.8674999926333221,2.1013285855691164,0.2608797755091208,1.0485258481254724,2.2392220562569918,
2,0.9294540415523255,0.5086338198493076,1.770241112040615,1.0109575447154706,,2.048677252466444,
3,0.8003560481702687,0.7173991464788765,2.0464745891562273,0.6134706576017339,,1.9883921740386687,
4,1.1426037096257629,0.8876986364637499,1.2644622355021466,1.0485678121908708,,1.9771465923016711,
5,0.8001205323917668,0.31419908264222,2.3498183271651425,1.089109279147242,1.948034312381764,1.319636147097324,
6,0.7098889684156788,0.39127536257792817,2.410946657554471,0.9725025009898537,2.08680193374895,1.3596720580251935,
7,0.44731288315968565,0.44731288315968565,2.6277182892549504,0.6184592707942096,2.0927562127189256,1.7135926438389766,
8,1.6314955008826173,1.0579984334676702,0.843025425423457,0.97918549000899,,1.691685952463658,
9,0.6736265411706693,1.1276008246634075,2.0517852708403237,0.8974839309789441,0.6630277983700875,2.255201649326815,
10,0.7183335092097364,0.9526946286675894,1.9514020202159665,0.9316025987816553,0.7798134054310553,2.249144934980041,
11,0.8022811398561177,0.9471419494112266,1.6999146674045829,1.2483257587196555,0.8069549138522154,2.199810125681233,
12,0.7106522919622132,1.070209506403162,1.6658093327634933,1.4213045839244265,0.6912066314624156,2.279728461702904,
13,1.114769056541934,0.69396670369115,1.9452133622591883,0.9616193097426089,0.16399562014483382,2.1319430618828394,
14,1.4972766337587495,0.6706311390157078,1.4698655463803232,1.3412622780314156,0.34035444958172506,1.8719494726994876,
15,1.3097868905127352,0.7394484449881776,1.40138719468245,1.40138719468245,0.20802180330741676,2.0096220377971146,
16,1.500628867670886,0.4290053700925381,1.2457740766658636,1.738428585321762,0.4311727813769519,1.8247611675396052,
17,1.1727345327190495,0.3772863014469011,1.4375432506666963,2.0054189087026892,0.7043368312569568,1.5537039301241464,
18,1.2927380883688504,0.525608094833581,1.32861937001526,2.083122352186068,0.4433552934576421,1.4797956887734804,
19,1.4916752686591437,0.8396594039013896,1.1984327968741946,1.2466585499746765,0.29814454513371125,2.0757365762431554,
20,0.6703714522697091,0.6017325314713536,1.2427390762511294,2.205152124187053,0.19997652783474734,1.939682267737715,
21,0.6291293720523781,0.6526573773267679,1.1997313454616363,2.1333970506162294,0.3411741908673412,2.1545997609980465,
22,0.8042675104690346,0.713375114699364,1.5107767184484862,1.7372478824671187,0.9399361955409176,1.6670253477178367,
23,0.5100691401926407,0.48123174411057634,1.3615234088798194,2.1408753124227378,0.15128037876442438,2.3408918412673363,
24,0.497467397288639,0.2066261008579543,1.4352039687767857,2.2165102291842143,0.9904278513487422,1.6798753515044267,
25,0.37937901995561507,0.546614676256618,1.0013534485388547,1.3177318246404233,1.6790898096536973,2.0233021605969057,
26,0.6094199479607236,0.6094199479607236,1.0988660602258082,1.244271682759348,1.5426745652513691,2.0814384381785853,
27,0.5105429728855135,0.6831386611808985,1.013950026737779,2.065358221723473,0.7028211538183755,2.19137646821183,
28,0.15707117313915878,0.29837731212033825,1.3183894723016971,2.041925250809064,1.4096502529739905,1.6410752166618603,
29,0.27166324243179685,0.2937470228493147,1.4226090343282087,1.9443912313554952,1.3046026622475073,1.7064021058256371,
30,0.5287407997604455,0.4916648874685607,0.9911702647491176,1.9749179334381084,1.018066007873484,2.0368973909411805,
31,0.26624449557393637,0.29605574357816394,1.4226141915271646,2.061429057131945,1.1936027789468515,1.7041859418888843,
32,0.30866561255196706,0.283250992096864,1.3041713984893448,1.9712034509665421,1.1871735985298824,1.841131448629616,
33,0.38114760410161236,0.09259674244918466,1.4595840647886136,1.913875314876001,1.2707348410525248,1.7052582684810664,
34,0.2747489118498949,0.2747489118498949,1.1925951909946568,1.816725061064634,1.274393588345823,1.989117158929673,
35,0.2332095426351567,0.2332095426351567,1.2190680295060285,1.7791635353649027,1.3099994903765988,1.9791647679941942,
36,0.22596292660219308,0.22596292660219308,1.3326742357802035,1.9092452329590497,1.3128424816595479,1.806235129335536,
37,0.3784218771506132,0.13617683185550428,1.2622455155546561,1.8813250059233515,1.4614037237156634,1.703879734114992,
38,0.34836635239668523,0.24479459730603334,1.3803857120038314,1.9466428515075382,1.4586806113779776,1.5911648824892168,
39,0.3810520497089219,0.2010959418836623,1.3200449594142416,1.9173655863888344,1.6220404144812515,1.5276261922056094,
40,0.41203697749082846,0.13170598864849317,1.4338743676813004,1.8998277562648447,1.6406599501715886,1.437860516393075,
41,0.4021192194549849,0.09482531795970744,1.3572685308163304,2.0118979576301927,1.491710305051072,1.5342243210971334,
42,0.319205355137976,0.12783645058709442,1.3876502235183268,2.0133798092554893,1.5035724304097036,1.5340374070451332,
43,0.31165911719930534,0.0,1.3263308829161067,2.174284425535255,1.510920444566814,1.478328995860743,
44,0.30407500607422083,0.30407500607422083,1.407322455314193,1.9137532897582403,1.6438103566714162,1.4844836134754769,
45,0.24174063679205307,0.09235948013719765,1.2165619601914697,2.0286714484265125,1.5343864615545775,1.593022961794236,
46,0.2758770277449876,0.2758770277449876,1.355211426265662,1.8379054540821393,1.4408826901338765,1.7248697635081451,
47,0.22107195584844994,0.22107195584844994,1.1733226971729007,2.0438247291281786,1.4045544787698014,1.7539019770674757,
48,0.3817368684905062,0.26376572238084134,1.2089005315206827,2.0581209550747945,1.543645052054524,1.5506182476590296,
49,0.5185619979893271,0.22426041183188436,1.26891204670678,1.8803106330526083,1.4746840208052945,1.6473529144583434,
50,0.3053962224650354,0.3053962224650354,1.0297902057563746,1.993006212260014,1.4281052292322878,1.7702750877799343,
51,0.2331490357529896,0.32290094228771454,1.0843479976145851,2.0088107834148357,1.5161490221050258,1.6759632908635642,
52,0.30337797368366437,0.43139109141576903,1.102847957319338,2.0395080055534462,1.5931980007243387,1.5706429449649484,
53,0.3161698721456315,0.3161698721456315,1.2127021827390936,1.890334463140121,1.6129998270936703,1.6288841493377493,
54,0.3696766117834411,0.3696766117834411,1.2245371590241056,2.0379355581246084,1.5350052532176828,1.56227466555697,
55,0.38777537958964253,0.3172049029379077,1.1367498145393489,2.0445498538865343,1.5106519778874583,1.5873617977276928,
56,0.5383963585677096,0.4367613894605481,0.9354756893101326,2.1004491760982944,1.4211226380009594,1.6504762562662645,
57,0.3930652007535981,0.4455649201416787,1.1383927758741852,1.8591903354277717,1.5435971337620922,1.6796000468438366,
58,0.4638045836975719,0.5720725594830824,0.9664830472393753,1.953179200515814,1.5149557994083,1.6415115932698678,
59,0.361752288937776,0.43430700589164467,0.8405757619743962,2.0097573991751356,1.5377044666044195,1.6849476202443,
60,0.3182410028863374,0.47275849105801,0.9841786815885766,1.99360558789297,1.41827547317403,1.7621787621811313,
61,0.562484333141541,0.3585141769906747,0.9728336179221924,2.024154337905546,1.434056707962699,1.6591758561078847,
62,0.33966443503826316,0.4372625215221803,1.2709826007874543,2.147967096876829,1.4504522114588296,1.5367138666458056,
63,0.4008994788125352,0.3155873086284954,1.3600227355656107,2.153050035140065,1.4851366647647652,1.472740773599645,
64,0.5471612350799466,0.5147674730920754,1.6187615602813528,1.8195273094528701,0.38781609050595234,2.4002965482670695,
65,0.28886997290672456,0.8204863885065635,1.7135225075718405,1.956928765595919,0.33076471584532147,1.9604041972649475,
66,0.25823109323442994,0.406524516544657,2.216368778202211,1.8393684053315829,0.6027413907199541,1.8076176526410128,
67,0.3556417962904156,0.4323999253564829,1.9400309636122912,1.8465441290846232,0.9639607593779381,1.8802290215350757,
68,1.1376619913266561,1.0908178657360734,2.205306282886714,0.9041279676492824,1.124667900383778,1.124667900383778,
69,1.9260213286532903,0.26502909193037477,2.1262718089722106,0.4478417853348743,2.105878713686579,0.26502909193037477,
70,0.4664880266210247,2.085446467428555,1.0450558407837136,0.6100228040428785,2.3579917741736165,0.476779049202602,
71,0.3728683514386334,2.066271612623346,1.3552857010830512,0.55930252715795,2.3371154866484325,0.4907543894928595,
72,0.35968201881192,2.262632634485459,0.8901071809531658,0.4551610323904438,2.318682259562265,0.4598610956379291,
73,0.6456750321297092,2.2135114036493047,0.3511064789335267,0.4515444909106122,2.266025250766313,0.28815095833758597,
74,0.8524268961283664,1.7746857710952397,0.21450056679429125,1.453033249169805,2.002961159483702,0.21450056679429125,
75,0.9021889498804612,2.0577479473105638,0.41142963916009745,1.1350472043913347,1.9084931525141007,0.41142963916009745,
76,0.8342755765152584,2.123536618096968,0.4035519182565961,1.2198356066805247,1.9064230464091088,0.4035519182565961,
77,0.716018839818733,2.21757863198557,0.22796134894415007,1.0665747712977265,1.9375378863525952,0.22796134894415007,
78,0.5198938021091026,1.8486092130009586,0.40619992917068554,1.5130123435362044,1.9822056112504742,0.040241539503214345,
79,0.39467607074147976,1.9783893053562687,0.41009870505667356,1.3662216145029755,1.9834696404268701,0.12331167747487326,
80,0.5007407823502685,2.180639620750939,0.03970796237736964,1.2490556654638425,1.9096740975097273,0.03970796237736964,
81,0.5752044673621196,1.6136297025887696,0.6021827810669538,2.0589956002604106,1.5824646622679805,0.30746217414545446,
82,0.7296021234475181,1.5953620203109107,0.7712870629786595,1.930480887724898,1.661304716850676,0.036727955379936165,
83,0.7034752621511606,1.4524419288446466,0.8062626169652001,1.9454906071455598,1.7600746087598445,0.1921184484583881,
84,1.0670088564248277,1.5965121299790597,0.9725888352210874,1.7293044659870576,1.5956453489311284,0.12925816818124514,
85,1.2060602874788158,1.5539759398724178,0.9228828966830026,1.664572983045815,1.660072915940272,0.23072087732169205,
86,0.5243785802863642,1.5933960019496747,0.4391679735723918,2.3319132776666227,1.5691693883118591,0.13005206189445334,
87,0.3499425445223615,1.4841733479220895,0.20767972485781389,2.4056467772386254,1.671063027055341,0.03966609854238738,
88,0.7063382489136774,1.4605302357592491,0.3847584501410707,2.290127159423377,1.6212441664281223,0.3323486040665975,
89,0.2347058921700516,1.575091104064482,0.20677578356048537,2.1877527978668905,1.5792406903564735,0.6438497956445094,
90,0.30188106990028113,1.749453493897065,0.251817080784593,2.1022725825031863,1.4131136492246799,0.7108758185383633,
91,0.5219971249773362,1.7438472871064765,0.3150883434367001,2.285173196990602,1.3923882404034267,0.3640733339510851,
92,0.30484695716452725,1.615828021170377,0.22778374471191404,2.2113393188852473,1.5659122905846286,0.5010396109751152,
93,0.3272950018872488,1.6917466264781151,0.24968033123529304,2.219706584066989,1.4824064166735793,0.48624171715321296,
94,0.44887158104834074,1.6495597662674724,0.5298296716178595,2.2187377057537963,1.4984404540683804,0.40767209430376583,
95,0.632829211480578,1.8434993860101727,0.436332646386926,2.3054041564026257,1.2494655196348177,0.2840385493529851,
96,0.22406345874840525,1.7752904032817787,0.648012584240996,2.1532305628535324,1.2469230769805992,0.7159518181129896,
97,0.22151550298068032,1.6333640820544884,0.6516065144070988,2.221365491513882,1.486988511815344,0.6273394816561483,
98,0.11103488034260894,1.7623422844490144,0.4783882854719468,2.1321508106851703,1.3177188301788132,0.8266533542310007,
99,0.21973243602124942,1.644741588318701,0.5331686998450487,2.188393628844646,1.5285937720759215,0.7077260335513025,
100,0.20694952670987427,1.475402970652308,0.8775942260198633,1.8926500475828265,1.475402970652308,1.1706635039284077,
101,0.253999188222703,1.5546627946151845,0.8640313398496439,1.777994317558921,1.3783330332645845,1.3227758826944547,
102,0.29422432806153637,1.5715607029447731,0.40126527379237864,1.8451253128826037,1.4890853380683482,1.3039721852800876,
103,0.36085671575844736,1.691197907483543,0.3400270473498252,1.859596683368328,1.4329319864425465,1.2554553754553974,
104,0.23216712667426087,1.7655627169136705,0.20280454831474212,1.9032556248799526,1.345936222428518,1.2675284269671383,
105,0.2776585348087252,1.6116783089342157,0.2766752482672895,1.9241216317487766,1.4892808889454234,1.2042851513395803,
106,0.3794000679828008,1.4795911969686277,0.40301570249005636,1.8079310725199143,1.620115652775922,1.2707532848953413,
107,0.486505815183298,1.510221276856391,0.4525854702310883,1.5209400081345266,1.619580756138041,1.5707378084490713,
108,0.46352449121594375,1.5756795758949738,0.4306402235599882,1.6240508623750922,1.5529436699778523,1.464883653870262,
109,0.4882272266259288,1.4292193817297916,0.44811029649579187,1.46149810649127,1.6912631670629417,1.6175795758855964,
110,0.2690623678034985,1.4634562245819704,0.22392512281325225,1.7279036958528065,1.619779260453964,1.4767973956178062,
111,0.47063177371582016,1.425401075531215,0.5213222191793646,1.6359584832586842,1.5526101876419638,1.5725044024614299,
112,0.34048241838073945,1.4254878590141133,0.5233523710615322,1.9413067238374682,1.527456439325565,1.2613311058634842,
113,0.41808039688801896,1.1060801428949993,0.3599658757144851,1.7207020311450028,1.8997860598863041,1.3965701950312175,
114,0.47222186796527227,1.1112824794864131,0.4223511934036996,1.7662828504977492,1.9179924771974677,1.2786055032908596,
115,0.45599746977762906,0.9707513401745472,0.39158124065217537,1.6959034050981394,2.0149771393666898,1.3686643589621499,
116,0.46910077303573133,0.8668599301067752,0.4039754747248431,1.6961426809601314,2.059498755273427,1.376191117570608,
117,0.46862017440932496,0.8226946294570436,0.40095458150129737,1.7248209793701992,2.0826916958051287,1.347781367174231,
118,1.47933488218033,1.3061809503225201,0.77060049737109,1.5647133496483576,,1.1877097578508764,
119,0.5373480545177924,0.41298915358078525,0.4812776748964988,1.5744935643767786,2.260389945089968,1.457193709956429,
120,0.6310885938249132,0.39314053979730457,0.5768633790866625,1.4544425933893061,2.279422668685986,1.5000608962265078,
121,0.6161556244763257,0.48333134243505155,0.5647115822187465,1.5591341367555065,2.2624302961907965,1.3954953184642582,
122,0.5946918401421183,0.46479586903738696,0.5437853825267931,1.582041034562065,2.2403863486362736,1.3963798534507916,
123,0.7128194007155356,0.3860996423634078,0.5188627763558541,1.4795954595143748,2.221583258316354,1.4900583561124163,
124,0.878206892053977,0.4021162186283445,0.5629865381454339,1.2930135059356787,2.1986740904728475,1.5988605600552541,
125,0.8804004078918306,0.3378090176296138,0.5562350222128009,1.2713877956317223,2.23163680289772,1.6099497915229988,
126,0.7583598587994678,0.4167860719629531,0.47204018077295806,1.5820754802018024,2.0839303598147656,1.4978175799318538,
127,0.7245176456868635,0.8395849455741773,0.8527146481653036,1.7122050509244946,1.9294346289586963,1.482450433025535,
128,0.7664860181695057,0.5982364838978235,0.6960055031056337,1.7492064689639182,2.166302625438308,1.517463570079976,
129,0.6488543850800681,0.9522273174913282,1.0685949270491832,1.8760391530204108,1.682155163664219,1.3551128679883933,
130,0.7660413851860834,0.827014687856227,1.1139265601157784,1.7930972692256524,1.6983574758080853,1.4789346733976012,
131,0.43368038887950777,1.1485328452433199,1.3374274712504124,1.8566060736553507,1.5463044467807336,1.3166120698279522,
132,0.6818107802390521,0.8932213904342846,1.1437965749288654,1.613704232135568,1.7584633277724082,1.5530998356986558,
133,1.343587463742972,0.2852873794770615,1.5008415147927021,1.272147234347733,,1.5672065478539718,
134,0.6406581844935576,0.6881948910107019,0.8432670110849173,1.6081620243302257,2.0797613347648713,1.3718310071568651,
135,0.633089803660083,0.6549575284558766,0.8410643462404829,1.683999104097186,2.0954242127299105,1.3204310953486482,
136,0.5902865183077676,0.6835664820160215,0.6779373001033473,1.8921729260151314,2.0531218617845255,1.2447345211066965,
137,0.8419676471384001,0.9462951725486689,0.9199666624268875,1.2226152700422679,2.144324953294933,1.3697995009764616,
138,0.7686162197597719,0.8721296330657772,0.805120969322665,1.4516948096983293,2.0970205308090013,1.3798983216036682,
139,0.8540478719043317,0.9313085468818778,0.7727380226827053,1.405480037434453,2.101415557578931,1.3306364916735371,
140,1.0491083590644517,0.6277365753865404,0.9625294155926952,1.143139151911636,2.1535132660472964,1.3755863783209237,
141,1.1029311890170366,0.3925114446587101,1.1065725435424638,1.1113815843436998,2.1575410123122722,1.3450039239941518,
142,0.8841098994565852,0.15641273060655525,1.023428618328577,1.6672823564299526,2.1839977712372307,1.077286299818453,
143,0.8475524017056872,0.19796557288618385,0.9815855149117101,1.6966089602373757,2.1665534204541674,1.093941101452242,
144,0.0516311376622686,0.9160487505034386,1.7505184663712794,1.6067354795527715,,1.414878553586071,
145,0.7751515924604138,0.7411898802284683,1.7397505358272942,1.5037793774149535,,1.381090050451845,
146,1.6015801018855593,0.3956399913831621,1.0607637835203043,0.9346455538596449,,1.9444892957108573,
147,0.5194150545814792,0.48626447847013976,0.7042341634622558,1.9710709567731508,,1.9890922268091837,
148,0.5552915002264941,0.23746529645803846,0.37014624524404466,2.3255935335791817,1.4712250604843524,1.5815084941666164,
149,0.7340803189212782,0.4807749828100577,0.5385957974652485,2.279576331585619,1.2149638030031458,1.6976386410291568,
150,1.055314362155504,0.0,1.4032762198890663,1.6152886283615813,,1.5219677515116572,
151,0.21706437666042774,0.1345404517698776,1.1675777016769233,2.1834359338649114,1.2188999612470173,1.6286362980788918,
152,0.3684863575951893,0.16243149116515293,1.1153365326462312,2.1441552905883627,1.2023133525778886,1.6606497155754953,
153,0.4695841826368357,0.17217217582865674,1.0157949625772584,2.0952293778752553,1.1827997420694727,1.7520615332963925,
154,0.15383619997510378,0.12547209285021232,1.1389181453382589,2.1438977754363537,1.026838284730148,1.8024822682133612,
155,0.2734141562025005,0.2382705058019501,0.965944056408545,2.1122615530499345,1.1715915501390972,1.820043804383474,
156,0.08500627178405357,0.3230265448950365,1.5289223311475701,2.070970417740708,,1.3137544689931828,
157,0.22168727247876985,0.19090970616604783,1.6092756377879491,1.9649066135940356,1.1669906827288883,1.5058016350682015,
158,0.18380960482533612,0.1557807311219269,1.4094313509050427,1.913951575484004,1.2397088555537308,1.6787741845388626,
159,0.2007991538368442,0.20612269475966363,1.505306341510123,2.005659905307622,0.986431051396244,1.6584469488225333,
160,1.1479830542770941,0.5804069126319911,1.8671422615960243,1.3896532689306804,1.2786941008166852,1.3963364430870806,
161,1.072498855027969,0.5659790178935485,1.880002746992352,1.5702495811208932,1.5052351469080856,1.310261192146889,
162,1.1510520562520148,0.5165247074620151,1.984508155258584,1.6058154041238364,1.4863257137823136,1.2165353262241083,
163,0.8230968750804605,0.2897197391760237,1.8606584214486737,1.8768179317534146,1.3714698400965724,1.2324948585282547,
164,0.9753403012245754,0.0,1.4779152946036844,1.8554051562635752,,1.3086284433523918,
165,0.9401965091532299,0.0,1.3665617975764637,1.8594905193447058,,1.409421952697615,
166,0.9229171950734706,0.0,1.1296071673284807,1.802952272538663,,1.6476054326608216,
167,0.9599674004182164,0.0,1.3058675597372265,1.8503328091328795,,1.4568192862152474,
168,0.7284810345177368,0.0,1.1888870457609542,1.942387162706841,,1.5979206649353321,
169,0.7943936264826186,0.0,1.1922483045340084,1.8929867570031231,,1.595702691504455,
170,1.282686558435496,0.17863655267277342,1.469028751929454,1.6276741968747352,1.20053283541278,1.581826485001209,
171,0.8038775473881192,0.2551118331092542,1.2484330951112688,1.9644113019306801,1.0280335337439934,1.8130244946679457,
172,0.9999284108162886,0.2561204596241138,1.3846848545960293,1.8300811359994875,1.014519973204642,1.6978648915058105,
173,0.9934322257728133,0.17397028522369518,1.3385105924405603,1.9079826311513415,1.009027654297432,1.6948661182270945,
174,1.0301496555865437,0.1084760848744354,1.251127016520419,1.8809646895494343,0.9924552198744208,1.767692915335977,
175,0.8481702303549474,0.13628940898070432,1.0998541065729426,1.9806059397982412,1.0562429196004586,1.864260658979127,
176,1.038179609530452,0.11727426038694452,1.3767054740216702,1.864228802241636,1.0402981421412894,1.6630593181395885,
177,1.3196521585959757,0.1184418353377619,1.4108853654398341,1.8190939917152853,1.2202395015915932,1.4743524632758334,
178,1.5056459707995171,0.13223668133370658,1.240516362383843,1.5306468955529873,1.248116163568054,1.621021676212507,
179,1.2958281903510298,0.155924452006977,1.230129062179678,1.643921125673312,1.1171974229775947,1.7291542825088753,
180,1.4083721519552899,0.20835031246643906,1.4127568247177817,1.4866390378297087,1.2061920808940996,1.6244098135141176,
181,1.6294801505526746,0.2813599983084908,1.2146908210513705,1.4504403980384901,1.180327892351363,1.6518491925599794,
182,1.738409308368967,0.3198308028740335,0.8587426061826251,1.405755100013366,1.225181508400712,1.737251526483383,
183,1.5700300397299185,0.4812009531403665,1.5121794409294986,1.4522492286921507,1.2596329194724747,1.5209352311461728,
184,1.4611136363146464,0.431058239038811,1.5176344250575884,1.5349274148730503,1.3748115298508932,1.4924399239655601,
185,1.2392789224365803,0.6020724022927068,1.2576827008202855,1.5805925844278124,1.330847878302064,1.663623040794249,
186,1.194475731654714,0.6067189908671224,1.3789067974252782,1.6225619619530594,1.4816029232997274,1.5295151196063193,
187,1.249285738883184,0.6661910572647735,1.2054729125217414,1.6058429703512727,1.473753845971605,1.5943771158295614,
188,1.158644556710815,0.5302098252149203,1.2615926595063753,1.6367821495655412,1.4106306062669105,1.5926928311487019,
189,1.165523864361997,0.46302787984374383,1.176467858056316,1.653548484306833,1.4466336672152185,1.5846418420055313,
190,1.0880340002399251,0.26765294175671817,1.2383923943294641,1.7068204653370909,1.4588910998544058,1.573423125777904,
191,1.0849807259119608,0.2820234733881417,1.382704099181999,1.6661243517503328,1.41911447582591,1.5502235955751784,
192,1.0484617724807201,0.2290752937269282,1.2581112920371669,1.7097923076830814,1.3889823931041796,1.6302036927478747,
193,1.2123994010209838,0.2799992221199836,1.423662875088831,1.6603320755413016,1.514780543147835,1.4626942061108017,
194,1.3727171708137968,0.31606573639062546,1.4408200619469957,1.5132511234721917,1.4653116002246667,1.4825534835578718,
195,1.2289850794890793,0.3217981857900761,1.2871927431603043,1.6575077791719974,1.5980429951800625,1.4596553363183966,
196,1.2420180221349442,0.25616178825093006,1.4598370935934672,1.6375498228246756,1.5642157985498202,1.419140859672177,
197,1.2615234812808551,0.23579407939672714,1.5310899501287576,1.6182116264146484,1.5252844428263956,1.3899584126221958,
198,1.3663007570189574,0.17568984592611148,1.619865824516876,1.5288321144480466,1.53188253747287,1.3362346396055003,
199,1.4593482544723233,0.03807872445298792,1.4805840966021615,1.553278687677841,1.4850702536665288,1.3825246729979852,
200,1.5855499475621015,0.020216716179652962,1.2423080063943241,1.54468165342461,1.5162537134739722,1.4367923748777645,
201,1.842415867065233,0.0865803716111827,1.4609584550918253,1.433556901749706,1.4164712267186539,1.3312800520276376,
202,1.9475103022441373,0.11033314234697233,1.7541446575058357,1.5187062946008762,1.2993057407217232,1.231690922611822,
203,1.9044122485949606,0.05707874183989293,1.3802280767936315,1.3753995739584777,1.423919186833524,1.3798201829957049,
204,1.9325969183116105,0.2716151590299017,1.1556410583795298,1.3497420493468155,1.5890849507334972,1.2803067225926377,
205,1.7400481440414235,0.612595498023182,0.7484084315346519,1.435884528599635,1.295983073705211,1.5827260952686448,
206,1.6821676063630169,0.07042347638637479,1.3314583691384068,1.3502193258668675,1.3956334472173315,1.5100316631901685,
207,1.4582042300912719,0.04602514924782113,1.2877823603493521,1.3869892549370526,1.6280811700282474,1.4100817265736754,
208,1.441253430049728,0.16288467504011803,1.1893698863150812,1.4324741877864737,1.601110127635197,1.4340750864863,
209,1.5176275093985445,0.17277793300053798,1.4160364616995145,1.2876886570301798,1.49654484817294,1.4410670640753698,
210,1.6134723366143464,0.11956292114792133,1.468877030906528,1.184867961562779,1.423057017954336,1.4971558479655536,
211,1.8135121709133086,0.2557479579196028,1.3596673405538031,1.0834356978962718,1.495474735293447,1.435588809562901,
212,1.4498447352294899,0.1415096564278166,1.387873738215873,1.3500942904247861,1.4175717804209689,1.4975583710757274,
213,1.5214941389731353,0.09422911757093015,1.2250883243128885,1.3653662326307294,1.491233875591611,1.499810891355419,
214,1.6840192999246482,0.08858236309625205,1.3639543600596185,1.2552697093302116,1.5508909749424895,1.4127003840035508,
215,1.9664083416252995,0.23134527322209997,1.4895753267480836,1.1635471563558994,1.4833574953306963,1.3238761272510475,
216,1.7548269632234843,0.8614972730587616,0.7509360883773678,1.5497474487507195,1.4754563362565887,1.2083524729581916,
217,1.804503510549802,1.0348512517450854,0.0,1.5951191987107245,,1.1363346140371047,
218,1.409730649787088,1.1937743208749525,0.2904299376538362,1.6297023145934837,1.593824312077975,1.197416697091076,
219,1.6332485463423088,1.0460184280820162,0.21248958220097025,1.7893615950284876,1.4852022625752246,1.0167997149296142,
220,1.3724637754386282,1.098908953365912,0.10194498588624419,1.7147292192079144,1.643601388258539,1.1920062125725563,
221,1.4496189485814848,1.0276267360924054,0.03217536868274759,1.6711386194867812,1.5945477880081484,1.2584317503235332,
222,1.9909895729912654,0.4686724505339759,0.8145534120177784,1.8743670499426293,1.3788339442309696,1.0677777669282662,
223,1.7847214661463462,0.9649683279636475,0.2150418152911718,1.5781820785844014,,1.2008062677078577,
224,0.938266037084795,0.3311708729366147,0.2767410412488795,1.8400218856800086,2.0807774511356047,1.2035292544430278,
225,0.9690390575690896,0.15007458161867634,0.11705854244097567,2.0641182732136074,2.025299594019659,0.976518719132163,
226,1.6669226833336852,1.125810292656307,0.0,1.4999860011178816,,1.3278450515184028,
227,0.8196756647610276,0.12433013625607234,0.1621322490735268,1.9018218371582742,2.1467655109189603,1.1665374447883656,
228,1.0702884659024927,0.4833239042872122,0.9189333977545425,1.9777985803319995,,1.6307056523904548,
229,1.3627002408883468,0.5354705550055434,0.7922347254089253,2.2256675126245105,1.3390004376910822,1.8540807774337145,
230,0.8589231235123792,1.0769602468428086,1.065451501318282,2.148183737680542,1.279972008540162,1.1981723985003183,
231,0.8794561099893806,0.9664787419132064,1.0471863808655346,2.227798363967907,1.2597008956344353,1.211426720531593,
232,0.8721822738702701,0.8870956120137793,0.9987664052367002,2.2430940762467815,1.3883383634213713,1.22085776698276,
233,0.8625094506505456,0.8312893501105727,1.0292803551456997,2.2185017379452394,1.4067477521567286,1.2477017823594456,
234,0.8108294155891022,0.776942818230719,1.043865321937695,2.2575775021574422,1.4615173618787365,1.208807819039249,
235,0.0576396580489492,1.5734414043379603,1.8201987349497946,2.326515180648666,,0.5374109129501388,
236,0.06388258112653929,1.453565266812874,1.5830769366438195,2.223336525735792,,0.8213652591686558,
237,0.24500191441052208,1.8080123283565308,0.6949363162541558,1.9887055586549154,,0.921626146718402,
238,0.0,0.9013323105748446,1.2948371486701151,2.1258978157129684,,1.3417501098002955,
239,0.6910695654350638,,1.5582400496841147,1.6358976217974444,,0.7525480801577441,
240,0.47839362682121944,1.3874688887820075,2.2775875254487086,1.4408913379346422,,0.04956740537411089,
241,0.327842258598639,1.2530989002592534,2.1911983261178265,1.5766652816789841,,0.130170197591158,
242,0.09699508308359618,1.1791285820638033,1.981978294239933,1.6894367106043326,,0.3820869743839007,
243,0.5497932227826491,0.45851604913675276,2.31802707854032,2.3019915108086764,0.590681008327359,0.5466577503446843,
244,0.38305210693822095,,1.8500997299820827,1.8889289197006025,,0.5718579874303801,
245,0.5538077467061282,1.5457719302243973,1.3982842380364888,1.9778470080854342,,0.5529747323972266,
246,0.6925631638794504,1.7628835037656414,0.9332036165130826,1.8416837480192843,,0.6897043081020361,
247,0.7361351400534675,1.8625133164129928,0.7530588715852657,1.7536932921801176,,0.765545965575283,
248,0.974792222420059,1.5113789215482683,0.670232667786099,1.7688770632394326,1.7249577292769533,1.003957252108867,
249,0.3716331392508209,2.208400688323856,0.5244409121444542,2.0989930787894022,,0.25517330895520907,
250,0.23940882905112754,0.6642488162691417,1.9273848733524634,1.6561605627076166,,,
251,0.009748017658629577,0.7343947169398467,2.48185550582438,2.1891330476909965,0.15766178268246972,0.009748017658629577,
252,0.547213309269426,1.4635859845528274,1.6650462407762046,2.238014835805024,0.3291965267254064,0.3291965267254064,
253,0.6388811559991603,1.970747133286085,1.997332186400694,0.7180435915771359,,0.4092591665881296,
254,0.6432001170335345,2.2209657673377796,1.5313506240183683,0.9139358456412051,1.7547043880368136,0.4431768918040745,
255,0.7105033705438119,2.2123241503790156,1.359392145950716,1.0367900953933682,1.5537985868650062,0.49476425362657983,
256,0.5459880541628724,2.250143890461031,1.582909590199597,1.3881746395581565,1.01778336187128,0.345072198671861,
257,0.5691743374672684,2.3023538159515184,1.6668308321493799,0.9763963952068113,1.594956688802594,0.3667933808414334,
258,0.3940236603898705,2.4491372722319387,1.9417597353400817,0.8544550412535107,1.5208397780145837,0.19560762457428393,
259,0.46661237830241453,2.406027319084325,2.0273754156791597,0.9047412490045611,1.0619494612790925,0.22258219124715103,
260,0.2918449212368508,2.504370907532361,2.338428568084805,0.7686393422171188,1.0155366855462997,0.05599656461082522,
261,0.846427822737387,2.0254022320329677,1.9631936661408445,0.5188257509297796,1.3880394389170085,0.6729200111439919,
262,0.1283746254325025,2.542559615134799,2.1980629277990884,0.9948460015600884,0.3657381021133886,0.1283746254325025,
263,0.6679891740032763,2.2432219984442905,2.137798932023168,0.6878341711778919,0.7585738145888661,0.4534626627854805,
264,0.3650677916466927,2.3538613426187354,1.734851214906935,1.1215948620932883,,0.39652379297611695,
265,0.33125360243018737,1.9520526860858425,1.4094714596648088,0.828224215822919,1.8750180446251137,0.4183746858168991,
266,0.4534700463489247,2.2817354680580366,1.3890865571676194,1.3403869321675246,,0.5193374906750243,
267,1.0595725814425752,1.419789005568666,2.123014776013982,0.18395465831261473,,0.9654522474124798,
268,1.1774478822146552,1.4097200533395573,1.8945751085666136,0.30389707069597865,,1.0604165823484208,
269,0.6600782799313317,1.5452605314675996,2.239030444369802,0.6207210224189397,1.7572490618796592,0.5196911180765178,
270,1.1206991510267919,1.7827592324081363,0.5605967061033851,2.2736239436254477,,1.4935935472150061,
271,0.2688548754502826,1.8249317254159496,1.8628058236467162,0.7550036784942321,1.6320317317262454,0.11149365400024905,
272,0.6267075304414506,1.6985206049129584,2.282967634256101,0.5633683397142396,1.1528576422711079,0.5177538392959623,
273,0.4810973709898074,2.0653680500510054,0.4647285009886376,0.8178676176492785,2.24248195820458,0.5520996638004478,
274,0.44880555556210056,1.8129008866199372,1.3530208328623339,0.6485172684120031,1.9926455164922636,0.5586538910288016,
275,0.3904886609838339,1.9485590474390695,0.937765541304469,0.6718874758879102,2.203247682038451,0.4725847131349577,
276,0.5999691540497901,2.091889688203605,1.8589198405184395,2.0073123572191562,,0.5989400466814759,
277,0.28363386462394713,2.017040976106342,1.3351282685920307,0.8711243518520522,1.8631297181336162,0.4220299217431044,
278,0.34832102055054714,2.0696657938848992,1.0306834724993077,0.6933799711190687,2.039174688806166,0.4747657763285822,
279,0.4124356619004851,2.103209372547369,0.6809896812736427,0.8067566194025116,2.143534673788967,0.5228184883340393,
280,0.3364917152544926,2.0528679369651006,1.225793680711914,0.7407257112507484,1.933334979551137,0.43188899205074216,
281,0.30142787711804975,2.0434921995817956,1.108013902335123,0.796491595240401,2.0105266814637086,0.4201557678575564,
282,0.386525292929656,1.8821175051718437,1.081736148589696,0.7404795159265616,2.134272904129391,0.4894719706120179,
283,0.30546674488115816,1.9206364141838688,1.2178387314936594,0.8527093558048117,2.002597239021257,0.4271682616104608,
284,1.0413235262571885,1.4517841424067046,2.0325017886737466,0.40714109586793557,,0.9262053990608794,
285,0.5451224472606652,2.1106540659161683,1.8762493644573497,1.6452220630526495,,0.11388781933478924,
286,0.4807320994629791,1.5210920791584215,2.3928942752127775,0.5957620538048536,1.683056258386278,0.3222953630332598,
287,0.3109981595231799,1.5995658089508769,2.3065735331649244,0.8698984637914937,1.4263480569157798,0.04318502204962532,
288,0.5907770359383624,1.6628551940410634,2.138492916963102,0.6057398793833366,1.3801889563745606,0.38049782937425314,
289,0.47823914220284464,1.645614644111328,2.1120927985766658,0.7004052537225075,1.4650399840152826,0.2833305889917274,
290,0.5921434390402478,1.5772562245607418,2.1448382212432757,0.6338108156620041,1.4667169984538266,0.4005421061005473,
291,0.36290567421648046,1.6034000522872869,2.141182814671696,0.7584592208679237,1.528693810334282,0.15467046196889223,
292,0.4809362455697719,1.7913050167187383,1.8765726759042176,0.7077886478107125,1.573035034386091,0.3032569972364871,
293,0.5315064762927679,1.575010203383547,2.1894660987201715,0.5498323660184465,1.4803179085112022,0.37001066655391796,
294,0.5077970185958381,1.666797161857763,2.2846258215810655,0.6126365009849492,1.3153775133407617,0.33537704858010625,
295,0.254179453872576,1.5101279486044674,2.373328941577556,0.7352802850840767,1.5023113424834078,0.09093182162310427,
296,0.31998048302196763,1.607222799922618,2.14250110366557,0.8132765957872989,1.5198789384060505,0.14815053380119028,
297,0.6416817251651058,1.5190116532944653,2.2266257690073146,0.5115898785759019,1.4444741122705258,0.5238902674834867,
298,1.3748655472462148,1.9629268872015444,1.1871033967830622,0.6861977386168716,,1.105406209245775,
299,0.41343567596759023,1.6779517774471757,2.2589388122891347,1.0038376128904178,1.2663011971458167,0.19399392489441655,
300,0.41906494728999194,1.705557293657393,1.9865687094184674,0.6246340034060162,1.595778795000298,0.2318540619868365,
301,0.21364669998635194,1.7262595319269836,1.8420217333199158,0.5961739826971065,1.8024175847191548,0.03926058176256276,
302,0.5683349399526297,1.7956715744747962,2.261794970339115,0.6555715485509848,1.135584109666468,0.3784115856931536,
303,0.550067198118017,1.8251922803077953,2.264250552952578,0.763175016045978,1.0882589847130335,0.3642288154723987,
304,0.5100949093402568,1.7946641499066773,2.2932629220125125,0.6920779794764135,1.1493647589900968,0.3142509876845665,
305,0.13256755027521744,1.7059960352014765,2.236449794432167,0.9827822003513994,1.3810284539634692,0.13256755027521744,
306,0.25985166596763676,1.818701887405097,2.277952004898024,1.2307063376162668,1.1019262973376138,0.0408120850865783,
307,0.3549523257702943,1.7614899092125647,2.162054062867787,0.8358419357341234,1.3295069135028295,0.16214233716350507,
308,0.1404597193058789,2.0211359812643916,1.5442373974952917,0.9211000956043196,1.7352115754560529,0.1404597193058789,
309,0.34723178117616854,1.86391675991777,1.7987579915664589,0.781348413850839,1.6199018528847104,0.18913435239063853,
310,0.15516743563726018,1.902404954232906,1.7136122283416821,0.8734565415389538,1.6922712798225583,0.043938775085684154,
311,0.16689342006808475,2.103907291306148,1.3377004497383926,0.9111324570565903,1.8358276207489324,0.05654674723434642,
312,0.058596715143854505,2.0353555846130384,1.4042786384740793,1.1746673022379226,1.6993047391717806,0.13410882734471036,
313,0.04010694643597752,1.9794519959078414,1.5200705475742915,1.0397275421163046,1.738052969248534,0.17427180684947186,
314,0.3453234795288515,2.0496789895782075,1.8448702792485938,0.8113451883834251,1.4130613021369027,0.16032870999312848,
315,0.44215620851262455,1.9673039534859833,1.9611505877344897,0.9144517456026544,1.2392164949034032,0.23869638899365614,
316,0.4458945116251489,1.9465213333053066,1.9866098264947105,1.0916571742604055,1.1320568954594508,0.241597150664444,
317,0.2271081465374746,2.0210694016989708,1.5288272611239826,1.0099056387883776,1.6925999128380775,0.04271255786769422,
318,0.4769094847510491,2.0350646519176148,2.0012025822317887,1.1546526471179412,0.9612192066918872,0.2619595300684056,
319,0.15852503977108093,2.1591567574985224,1.135454425711263,1.6664216042602924,1.3394986282344838,0.040028244074293985,
320,0.06591300631902443,2.24812957702113,0.8341846999957074,1.57108447294044,1.5586589333614993,0.06591300631902443,
321,0.20074989355787856,2.1502742120412335,1.038716123925136,1.2356530126393435,1.776539878647559,0.27492925263275236,
322,0.39081754487798637,2.0491115771281576,1.7578102539715608,1.946185514184229,,0.11758984984481721,
323,0.3991073652009402,2.037800443360181,1.6206741146505534,2.0142456932922728,,0.12323564989667592,
324,0.9535784908862978,2.1291285776720215,0.905341520454362,1.8652806957865131,0.45780082765483227,0.7550074406905284,
325,0.9522035333572861,1.982755669387783,1.1412262092917869,1.8793880226484587,0.49718389572654076,0.7086672747025654,
326,1.3423397856455332,1.8638058394620234,1.3836613967225575,1.1237954695215324,0.756581266934218,1.0378698867969185,
327,1.3332141129300594,1.9085591755569757,1.263292853479577,1.1260467800361056,0.8474687132355363,1.048711552811813,
328,1.070399541412832,2.0437621724497497,0.9420251469106831,1.768678759842259,0.583326358296038,0.7562199404332708,
329,0.7830436262723409,2.021686844576532,0.8736598085139622,2.024895822397441,0.8002341573127798,0.5130691062145145,
330,0.2772987807114907,2.0592246774261445,1.0457759989046538,1.8131910222049934,1.4684944332151784,0.356133872109166,
331,0.6392075116236429,2.0593830525608054,1.0218510720565366,1.7162770499253404,1.4286127008474996,0.42662678371168167,
332,0.2100420401684861,2.1801788210744144,0.6622761384218252,1.6716354557887876,1.7957562788116221,0.2108884876033265,
333,0.19564081921278606,2.256953802779635,0.4930582048426087,1.388487074300406,2.047123497857757,0.2683193070784277,
334,0.4013828145267451,1.9750866580056157,0.7304297494833838,1.5184696496218542,2.151578034759646,0.2750995305427537,
335,0.4127500618580525,2.132195053104448,0.42622714447025445,1.5271028698110678,2.0843842387724747,0.28193518139559887,
336,0.18689012399283544,2.1206497143012184,0.5311323015778616,1.5806847559900667,2.1647252006400484,0.13567742431330623,
337,0.24207763910176416,2.109125844433819,0.4841552782035283,1.5580886034189136,2.2316310907569545,0.13486265532837047,
338,0.24011844322531395,2.31684322074223,0.2680017715765865,1.2538743224698492,2.2765950851240384,0.15039508013048944,
339,0.09016077964895418,2.3471762563896643,0.10068913026132913,2.201698578095393,1.8077170027232432,0.0,
340,0.3889398771910171,2.1492913715159814,0.3062526223625497,1.3741757075748127,2.257384047371117,0.26633070678592435,
341,0.0794169023610739,2.2422136501963967,0.2442182371750775,2.203533946646073,,0.0,
342,0.206075865521787,2.2348645981173036,0.14145835086852437,1.815236139664679,1.3979322201927908,0.14145835086852437,
343,0.28803751968788943,2.362605550373274,0.061407856017114744,1.0497714081684104,2.008363159321736,0.30486995716501414,
344,0.346342485558305,2.1930750975848574,0.1889883896677856,2.0975386082364733,,0.25975686416872873,
345,0.2952266651899088,2.141482661967317,0.23452825230295163,1.890309083793487,1.3555556526519061,0.23452825230295163,
346,0.3972393150510739,2.297883184742079,0.25254219236959,1.4153908491943454,1.7241210387003993,0.36964135228463785,
347,0.6881561691003985,2.2408536953920852,0.14766442726741288,1.8016967828757045,,0.5734634742503321,
348,0.4216658684052639,2.2986113553775267,0.31710105053277154,1.6997964623476347,1.3856894037771579,0.37737848863466716,
349,0.8460050741591767,1.955574404714662,0.1910192597897579,1.5941756775292895,1.5194673698847794,0.8701988501533416,
350,0.9942614115498836,2.1706681981284044,0.963338218861114,1.482393925413182,,0.9038740104998941,
351,0.6728500646335842,2.1434298952163715,1.0191140430774885,2.0224281914764175,0.5931641356654854,0.5607083871946534,
352,0.31590935507544904,0.9558157194177309,2.2498243735596453,2.150205477168968,0.3357821719958091,0.43894929551387174,
353,0.48458654646044885,0.5842689498176618,2.2598112638371894,2.28953337302302,0.48458654646044885,0.6083487087312065,
354,0.7337356260238143,2.2695181879610717,1.7035226071545122,0.46280364653712325,,0.695117961496245,
355,0.4662218885126466,0.11655547212816166,0.2615341590386796,2.0125190280934455,,2.233529020214484,
356,0.35394524817056505,0.3655056768070901,0.4705174338716033,2.287157626873456,1.4623584661507518,2.018892951509181,
357,1.7594938692838145,1.2416172387031499,0.33004588259489703,2.2747501681438376,1.0101222589043972,0.41387241290105,
358,0.1409923983012735,0.1409923983012735,1.7446641156864675,2.5092781549828955,1.6580847909225236,0.7608207107631582,
359,0.8300555786954821,0.6231947018202607,1.2540618692583907,2.2900370883905317,1.7114237341483372,0.32277864945192936,
360,1.198282942428245,1.9893495442246452,0.6049186445501675,2.0606509325445796,,0.293308014674406,
361,0.969427132575286,0.7015568173935652,1.818821837571459,2.0093689803662853,,0.0,
362,0.1880365431903214,0.7446508002448964,1.0490875055126878,1.8932293859269342,2.291046298007715,0.14893016004897927,
363,0.14753560060143223,0.7458786480462297,1.0527758965942702,1.8738822155878951,2.3072914308479544,0.13119727307848733,
364,0.10457692468671496,0.10457692468671496,0.21936880957546362,2.412148866904217,2.4047196985141683,0.2724210921998515,
365,0.19783795247355898,0.8245221326870119,1.1388427851690983,1.7503219114639204,2.364447289465063,0.19964995633235122,
366,1.7368668469154684,0.5029744462257361,2.1847813825958586,2.0118977849029442,,0.0,
367,0.24253886957062237,0.5155264442935837,2.2020620566335682,2.283391897676028,,0.25776322214679187,
368,0.1502754041378836,1.1941770664397409,2.657982374961416,1.8036963327719422,2.412656352309104,0.10026036226061844,
369,0.13386982815791024,0.11816659590233793,0.4726663836093517,2.5113353427957548,2.3794739742059474,0.24604011089751376,
370,0.09840614283873335,0.09840614283873335,0.33021549729502797,2.544109654602091,2.4419856852507964,0.08052737601170828,
371,0.2728873075825425,0.14857411731366824,1.1885929385093459,2.4144807802380064,2.3433846820450404,0.1855651478474327,
372,0.6577342126735722,0.05587130932565095,2.0831481068661617,1.5883214444150173,2.1643905055054673,0.5139279559424196,
373,1.0577642028472707,0.5288821014236353,0.5288821014236353,1.8673732415380038,2.6291363220787014,0.8512488361377578,
374,0.8038960797822857,0.8944097014917185,1.5110035091297398,2.185028103974014,,0.7034262574730253,
375,0.6642139308657765,0.257257719861922,2.029550880605484,2.4405994227519634,1.1091283390664655,0.22140464362192552,
376,0.5944063388543595,0.06540866554820585,1.9270596210278848,2.416981915126059,1.0823913011504944,1.0642068562932523,
377,1.0579829387160689,0.029252434948658566,0.6030128130686404,2.2830611940492083,2.041192057849092,0.26327191453792564,
378,2.2370742674474116,0.20337038794976467,0.5277310092951525,2.319643515407562,0.5858769435126306,0.9069010096373439,
379,2.2506441534038775,0.5945953900681502,1.6394269559985757,2.564209568021987,0.5945953900681502,1.7400360494142881,
380,1.0044899254500905,0.5693866661927104,2.5526419660690833,2.640646300137715,0.5693866661927104,1.1750648771705696,
381,2.667797328861476,0.0,0.9098462433833481,2.318198827004844,,1.6547780676885793,
382,0.976734749439165,0.976734749439165,1.2769970747009207,2.4083411190835444,1.4616357396432271,0.7028821420120767,
383,0.9024400858215411,0.9024400858215411,1.601314199938962,2.4203743885748703,0.9448184612730305,0.8557439388200069,
384,0.8110451328374135,0.8110451328374135,1.7439628324097378,2.4365760316408585,0.9109519322548832,0.8340323706532353,
385,0.9330329369443586,0.9330329369443586,1.4773118693020395,2.3485611056431552,0.16685845892791465,1.1459454681643821,
386,1.0614464882729981,0.16431736281337833,1.5083403885502666,2.349285138668031,0.6194427590117656,1.1618789197602504,
387,1.7471500456233306,0.09190874533207077,0.7696888287014237,2.317699164170409,0.09190874533207077,1.802476620330029,
388,1.9697463066455447,0.9121353658017057,1.0548000618336104,2.4956876530501066,0.9121353658017057,1.6819459763411684,
389,0.2089446787189898,1.2933823254607266,1.500717968577025,2.359419716885007,1.2933823254607266,0.38819090834114667,
390,0.0,2.0146858363794,2.5497447009165866,1.1523150954936372,,1.60674966426204,
391,0.8476062543417263,1.4717925641651637,1.7554053559793272,1.2115741253017565,1.0507296066067093,1.5957354370544252,
392,0.5099369483062445,1.1967784555484202,1.180652466573645,1.5671552155078863,1.4701833216664715,1.6243581493302583,
393,0.3772909127073427,1.1997839724569968,1.508298778000042,1.6153652646881025,1.1655524167887636,1.618090536466234,
394,0.3383515550495763,1.2482502880206385,2.0781771830978384,1.423112660110442,0.14361652801091654,1.6572746008913561,
395,0.24969341670771728,1.3840426894548379,1.9586926053390419,1.4761337899025209,0.6050970089620112,1.586679946601837,
396,0.29131420783099654,1.5041213017852768,2.0303544261821704,1.2933609466309182,0.862222914514535,1.5784568735340192,
397,0.2962490310239235,1.4941751619463317,2.084110155927071,1.2760501045986652,0.8168995253014522,1.5488568694037614,
398,0.1911154647706479,0.9555773238532393,1.700063063787188,1.8941674969816737,0.49831543003989986,1.542271039070856,
399,0.4141928395389476,0.7766682431342844,1.9579100304379342,1.6180588398630926,,1.1279156079936699,
400,0.6167521055691068,1.7060975636200637,2.328347093437272,0.9355970169785771,0.6715447260127285,1.6674427989858855,
401,0.6299974708330441,1.3991946807539974,2.2741394185489456,1.1339954474994793,0.7460263973777674,1.6494019510595161,
402,0.6097798130291708,1.0404912533823232,1.825016847733734,1.4969562958319171,0.7414808847818657,1.6406941986061667,
403,0.5177253357695436,1.0445279347663234,1.91582671350755,1.3848410030799325,0.7892087012878584,1.678502576260208,
404,0.37676409055839993,1.1302922716751997,1.9082391411310928,1.3989072021886457,0.8267784648488249,1.6232390832299262,
405,0.3764650551597535,1.0178755041094818,1.829768370990532,1.5565073003973113,0.8991149232348242,1.5837664415545436,
406,0.26210146370733933,0.8537374769120498,1.6729824846565047,1.7022589138419322,0.9850899793297688,1.5953231649652928,
407,0.21054435783036954,0.8496441655725808,1.5769979501736782,1.7929586745495631,0.9095618683795811,1.6611752617652347,
408,0.0,0.5633297305680726,2.255329916802176,1.415548608042224,,1.6989074023969517,
409,0.38672020594739615,0.78710318115297,0.9049285054613083,1.2640199394100644,2.1286598200933398,1.5418322508557525,
410,0.1889506824194596,0.746598222379104,1.2708449207500228,1.2299781780619232,2.0099101126585435,1.525540376316085,
411,0.4699877147182312,0.8331530946305956,1.3292086944752415,1.026373666581964,1.9904862550696378,1.5394018176941042,
412,0.35116113270300614,0.7790717543941981,1.2366302995411464,1.0864057439404107,2.067652524573806,1.565917491545228,
413,0.4648767504911326,0.7227889279365408,1.486956443150527,1.08003797248777,1.900464399872292,1.521913034356412,
414,0.5004189307500531,0.7600153677631979,1.3827625748944632,0.9687799204286927,1.9700762213909266,1.578975630850269,
415,0.5394197663156809,0.926638860744698,1.382179560102501,0.926638860744698,1.9410200611644897,1.5306972970334194,
416,0.3471582483668938,1.0075690366587178,0.967119530047124,1.0075690366587178,2.1740619845872553,1.589755175293777,
417,0.30009066777530297,0.8782776594212477,0.8581264383597004,1.1467121103148346,2.245150955392218,1.5813838038136374,
418,0.3058966577766417,1.0164402861783008,0.7647120218545408,1.0724814618157894,2.263290184818178,1.619642396792136,
419,0.3252832675139018,0.9985634813026144,0.5728941134254371,1.1708685356674262,2.29242038489536,1.604644791708769,
420,1.058428399745918,0.8439284591377766,1.949438518500936,1.5070151056031726,,1.15843281309976,
421,0.3983782419241845,0.948106981238861,1.5097558412660894,1.7061395209733168,,1.3430703341085377,
422,0.40726704626883165,0.42470422811511993,0.640418307839198,2.0081162296653066,2.363024790695904,0.9412619711545538,
423,0.39608558202022887,0.4293843681575958,0.7291221901715695,1.99384778655199,2.302545854628971,0.9449006400038141,
424,1.416794919631701,0.8812870503708349,1.8538369296686403,1.392407324506947,,1.2417243498553727,
425,0.4004563635018772,0.4004563635018772,0.8213801039967796,2.013885296832572,2.4122621301879015,0.9285737142228637,
426,0.3407568294298511,0.3407568294298511,0.9692430644442847,1.9302704939904758,2.4380164450974586,0.9906191026941039,
427,0.4208709677571064,0.39783623456643735,0.8014060054562396,1.998407273880222,2.3503291575347864,0.9297813695958114,
428,0.438473487872005,0.3351042348727574,0.833091802145601,1.9733413149336403,2.2845787394893997,0.9769580072767781,
429,1.1347681373045748,1.0472243526123093,1.3796039684330659,1.5508071199481246,,1.248337966270201,
430,0.9071916227063783,1.0397436826271347,1.5536010977797174,1.5045397846917985,,1.3238180462368754,
431,0.44667425892540824,0.5781775816910437,0.5872705640841509,2.0329322083021206,2.2815325134139495,0.8333341945447738,
432,1.4516384754024763,0.9095351907808874,1.534369607978377,1.4240697692874562,,1.2838675045753218,
433,1.4766424860119929,0.770729939038806,1.5183337552218965,1.4867922579695436,,1.2555939542600292,
434,0.24732265349498764,1.1204158035748586,0.5480621188069185,1.2400375745983716,2.3005387088148677,1.479517682158948,
435,0.23994630106553877,1.239471833081343,0.5984300163638111,1.0535510581191416,2.301524372642707,1.5777131642811004,
436,0.3159703721321141,1.2126384786773194,0.6212884412718553,1.1508181978181578,2.267701714523859,1.4733811335176221,
437,0.255807547462363,1.1483421225604125,0.7157593981126288,1.0864605942080785,2.2697513436365044,1.5443426769821786,
438,0.17460167566228868,1.2199725713429177,0.4957197853607458,1.0948471794103107,2.3468893933051196,1.5809565849881022,
439,0.14721318931294788,1.1446966606162172,0.6117290801342612,1.0183612922078213,2.3334705072582067,1.6768148100806468,
440,0.17005585383988747,1.189020555235425,0.592807249547694,0.9451189028794403,2.358761627153356,1.702335176144485,
441,0.1526998686750515,1.1363897081211611,0.6774837827100879,1.0229737356038928,2.342575172368963,1.6134126562007858,
442,0.752692182406113,1.5698691577337156,2.0323987195465545,0.4249251413731792,1.7902262188165727,1.0896574422281486,
443,0.1830949018343794,2.374965337152394,0.32264340920623064,0.1830949018343794,2.2425669724439437,0.5449256092081001,
444,0.2010461972168401,2.340373443973903,0.3318146655834998,0.2010461972168401,2.27915922624975,0.4999582530508629,
445,0.1306703781428432,2.2758591998014013,0.604551724364037,0.1306703781428432,2.214335271862024,0.5025529787677947,
